{
  "project_info": {
    "project_number": "879286746291",
    "project_id": "login-6f20d",
    "storage_bucket": "login-6f20d.appspot.com"
  },
  "client": [
    {
      "client_info": {
        "mobilesdk_app_id": "1:879286746291:android:b8b8b21f5923161ad0c4c6",
        "android_client_info": {
          "package_name": "com.example.loginapplication"
        }
      },
      "oauth_client": [],
      "api_key": [
        {
          "current_key": "AIzaSyAVLDu1Gp3AizIg0Hqy4hgtZuUCwJ22X08"
        }
      ],
      "services": {
        "appinvite_service": {
          "other_platform_oauth_client": []
        }
      }
    }
  ],
  "configuration_version": "1"
}